<?xml version="1.0" encoding="UTF-8"?>
<!--
  ~ Copyright 2014
  ~ Ubiquitous Knowledge Processing (UKP) Lab
  ~ Technische Universität Darmstadt
  ~
  ~ Licensed under the Apache License, Version 2.0 (the "License");
  ~ you may not use this file except in compliance with the License.
  ~ You may obtain a copy of the License at
  ~
  ~     http://www.apache.org/licenses/LICENSE-2.0
  ~
  ~ Unless required by applicable law or agreed to in writing, software
  ~ distributed under the License is distributed on an "AS IS" BASIS,
  ~ WITHOUT WARRANTIES OR CONDITIONS OF ANY KIND, either express or implied.
  ~ See the License for the specific language governing permissions and
  ~ limitations under the License.
  -->
<typeSystemDescription xmlns="http://uima.apache.org/resourceSpecifier">
	<name>ArgumentationTypeSystem</name>
	<description/>
	<version>1.0</version>
	<vendor>UKP</vendor>
	<types>
		<typeDescription>
			<name>de.tudarmstadt.ukp.dkpro.argumentation.types.ArgumentUnit</name>
			<description/>
			<supertypeName>uima.tcas.Annotation</supertypeName>
			<features>
				<featureDescription>
					<name>typeValue</name>
					<description/>
					<rangeTypeName>uima.cas.String</rangeTypeName>
				</featureDescription>
				<featureDescription>
					<name>properties</name>
					<description>Field for storing any additional information; String serialization
						of java Properties</description>
					<rangeTypeName>uima.cas.String</rangeTypeName>
				</featureDescription>
			</features>
		</typeDescription>
		<typeDescription>
			<name>de.tudarmstadt.ukp.dkpro.argumentation.types.ArgumentComponent</name>
			<description/>
			<supertypeName>de.tudarmstadt.ukp.dkpro.argumentation.types.ArgumentUnit</supertypeName>
		</typeDescription>
		<typeDescription>
			<name>de.tudarmstadt.ukp.dkpro.argumentation.types.ArgumentRelation</name>
			<description/>
			<supertypeName>de.tudarmstadt.ukp.dkpro.argumentation.types.ArgumentUnit</supertypeName>
			<features>
				<featureDescription>
					<name>source</name>
					<description/>
					<rangeTypeName>de.tudarmstadt.ukp.dkpro.argumentation.types.ArgumentUnit</rangeTypeName>
				</featureDescription>
				<featureDescription>
					<name>target</name>
					<description/>
					<rangeTypeName>de.tudarmstadt.ukp.dkpro.argumentation.types.ArgumentUnit</rangeTypeName>
				</featureDescription>
			</features>
		</typeDescription>
		<typeDescription>
			<name>de.tudarmstadt.ukp.dkpro.argumentation.types.Claim</name>
			<description/>
			<supertypeName>de.tudarmstadt.ukp.dkpro.argumentation.types.ArgumentComponent</supertypeName>
			<features>
				<featureDescription>
					<name>stance</name>
					<description/>
					<rangeTypeName>uima.cas.String</rangeTypeName>
				</featureDescription>
			</features>
		</typeDescription>
		<typeDescription>
			<name>de.tudarmstadt.ukp.dkpro.argumentation.types.Premise</name>
			<description/>
			<supertypeName>de.tudarmstadt.ukp.dkpro.argumentation.types.ArgumentComponent</supertypeName>
		</typeDescription>
		<typeDescription>
			<name>de.tudarmstadt.ukp.dkpro.argumentation.types.Rebuttal</name>
			<description/>
			<supertypeName>de.tudarmstadt.ukp.dkpro.argumentation.types.ArgumentComponent</supertypeName>
		</typeDescription>
		<typeDescription>
			<name>de.tudarmstadt.ukp.dkpro.argumentation.types.Refutation</name>
			<description/>
			<supertypeName>de.tudarmstadt.ukp.dkpro.argumentation.types.ArgumentComponent</supertypeName>
		</typeDescription>
		<typeDescription>
			<name>de.tudarmstadt.ukp.dkpro.argumentation.types.Citation</name>
			<description/>
			<supertypeName>de.tudarmstadt.ukp.dkpro.argumentation.types.ArgumentComponent</supertypeName>
		</typeDescription>
		<typeDescription>
			<name>de.tudarmstadt.ukp.dkpro.argumentation.types.MajorClaim</name>
			<description/>
			<supertypeName>de.tudarmstadt.ukp.dkpro.argumentation.types.ArgumentComponent</supertypeName>
		</typeDescription>
		<typeDescription>
			<name>de.tudarmstadt.ukp.dkpro.argumentation.types.Backing</name>
			<description/>
			<supertypeName>de.tudarmstadt.ukp.dkpro.argumentation.types.Premise</supertypeName>
		</typeDescription>
		<typeDescription>
			<name>de.tudarmstadt.ukp.dkpro.argumentation.types.Support</name>
			<description/>
			<supertypeName>de.tudarmstadt.ukp.dkpro.argumentation.types.ArgumentRelation</supertypeName>
		</typeDescription>
		<typeDescription>
			<name>de.tudarmstadt.ukp.dkpro.argumentation.types.Attack</name>
			<description/>
			<supertypeName>de.tudarmstadt.ukp.dkpro.argumentation.types.ArgumentRelation</supertypeName>
		</typeDescription>
		<typeDescription>
			<name>de.tudarmstadt.ukp.dkpro.argumentation.types.Detail</name>
			<description/>
			<supertypeName>de.tudarmstadt.ukp.dkpro.argumentation.types.ArgumentRelation</supertypeName>
		</typeDescription>
	<typeDescription>
      <name>de.tudarmstadt.ukp.dkpro.argumentation.types.Same</name>
      <description/>
      <supertypeName>de.tudarmstadt.ukp.dkpro.argumentation.types.ArgumentRelation</supertypeName>
    </typeDescription>
  </types>
</typeSystemDescription>
